{"fpr_95": 0.48866666666666664, "fpr_90": 0.382, "aupr": 0.537054865020209, "auroc": 0.8523716666666666, "f1": 0.5034965034965035, "mcc": 0.4228143655729128}