{"fpr_95": 0.3953333333333333, "fpr_90": 0.2673333333333333, "aupr": 0.6479420881249646, "auroc": 0.8983842222222221, "f1": 0.5126541207008436, "mcc": 0.46955355671805565}