{"fpr_95": 0.36044444444444446, "fpr_90": 0.29155555555555557, "aupr": 0.37815101074734997, "auroc": 0.831311111111111, "f1": 0.5591240875912408, "mcc": 0.4557737544277091}