{"fpr_95": 0.05977777777777778, "fpr_90": 0.02666666666666667, "aupr": 0.9479584482676409, "auroc": 0.9857322222222222, "f1": 0.8357380688124306, "mcc": 0.8110198811800743}