{"fpr_95": 0.6042222222222222, "fpr_90": 0.47644444444444445, "aupr": 0.521735633598563, "auroc": 0.8260255555555555, "f1": 0.33973412112259976, "mcc": 0.31818199324139557}