{"fpr_95": 0.23, "fpr_90": 0.15777777777777777, "aupr": 0.7581734184353288, "auroc": 0.93739, "f1": 0.6773480662983424, "mcc": 0.6195254795371928}