{"fpr_95": 0.9568888888888889, "fpr_90": 0.9468888888888888, "aupr": 0.10588911530884053, "auroc": 0.13112888888888888, "f1": 0.307739652254193, "mcc": 0.006356995196562479}