{"fpr_95": 0.058, "fpr_90": 0.03244444444444444, "aupr": 0.9470460471426816, "auroc": 0.9853844444444446, "f1": 0.8485511208310552, "mcc": 0.8238416039436762}