{"fpr_95": 0.6726666666666666, "fpr_90": 0.5186666666666667, "aupr": 0.6865791580859391, "auroc": 0.8449673333333333, "f1": 0.4315545243619489, "mcc": 0.47381943222879624}