{"fpr_95": 0.6931111111111111, "fpr_90": 0.5273333333333333, "aupr": 0.6649269870396708, "auroc": 0.8374817777777778, "f1": 0.5007173601147776, "mcc": 0.5070110667189784}