{"fpr_95": 0.214, "fpr_90": 0.15666666666666668, "aupr": 0.5502844848277086, "auroc": 0.9143433333333334, "f1": 0.6912811387900356, "mcc": 0.6191373154798469}