{"fpr_95": 0.9988888888888888, "fpr_90": 0.9975555555555555, "aupr": 0.0988960891280109, "auroc": 0.05368755555555556, "f1": 0.7058159232072275, "mcc": 0.658299439166309}