{"fpr_95": 0.36844444444444446, "fpr_90": 0.23133333333333334, "aupr": 0.7285041374417267, "auroc": 0.9122413333333333, "f1": 0.5298102981029811, "mcc": 0.5104469383420813}