{"fpr_95": 0.8704162366701065, "fpr_90": 0.7408324733402133, "aupr": 0.5534428168309931, "auroc": 0.7866225555555556, "f1": 0.5633106856084004, "mcc": 0.5123019072270238}