{"fpr_95": 0.31044444444444447, "fpr_90": 0.21266666666666667, "aupr": 0.7484978241956272, "auroc": 0.9215997777777777, "f1": 0.5933503836317136, "mcc": 0.5616722862543243}