{"fpr_95": 0.29088888888888886, "fpr_90": 0.15155555555555555, "aupr": 0.8764477507095678, "auroc": 0.9511482222222222, "f1": 0.714107365792759, "mcc": 0.6983983651300317}