{"fpr_95": 0.04688888888888889, "fpr_90": 0.022444444444444444, "aupr": 0.9621710031141798, "auroc": 0.9885666666666667, "f1": 0.797626112759644, "mcc": 0.7815577377639404}