{"fpr_95": 0.09, "fpr_90": 0.046666666666666676, "aupr": 0.8959511031166826, "auroc": 0.9763244444444444, "f1": 0.6559897501601537, "mcc": 0.6386153388571065}