{"fpr_95": 0.7671111111111111, "fpr_90": 0.6111111111111112, "aupr": 0.5655039675369953, "auroc": 0.7905942222222222, "f1": 0.4080118694362018, "mcc": 0.40997340680316524}