{"fpr_95": 0.3413333333333333, "fpr_90": 0.2548888888888889, "aupr": 0.7687455493892598, "auroc": 0.9174731111111111, "f1": 0.6408010012515645, "mcc": 0.6106861062786119}