{"fpr_95": 0.31333333333333335, "fpr_90": 0.19822222222222222, "aupr": 0.6871107177250529, "auroc": 0.9151241111111111, "f1": 0.5322164948453608, "mcc": 0.49046897271958345}