{"f1": 0.7618586640851888, "mcc": 0.7074044976652986}