{"fpr_95": 0.9982222222222221, "fpr_90": 0.9953333333333333, "aupr": 0.10246641811048202, "auroc": 0.11663377777777778, "f1": 0.5649717514124294, "mcc": 0.4890834875635335}