{"fpr_95": 0.20422222222222222, "fpr_90": 0.11066666666666666, "aupr": 0.8767310681493481, "auroc": 0.9603719999999999, "f1": 0.7034482758620689, "mcc": 0.6872303018344679}