{"fpr_95": 0.30533333333333335, "fpr_90": 0.22, "aupr": 0.6645010977956507, "auroc": 0.9052283333333334, "f1": 0.6396568160152527, "mcc": 0.555886745645485}