{"fpr_95": 0.9666666666666667, "fpr_90": 0.9566666666666667, "aupr": 0.10464593391209555, "auroc": 0.11810177777777778, "f1": 0.307739652254193, "mcc": 0.006356995196562479}