{"f1": 0.7701863354037267, "mcc": 0.7173954265589457}