{"fpr_95": 1.0, "fpr_90": 1.0, "aupr": 0.09734265831863366, "auroc": 0.014013333333333336, "f1": 0.8795430944963655, "mcc": 0.8549485617173632}