{"fpr_95": 0.058222222222222224, "fpr_90": 0.029333333333333333, "aupr": 0.9480710092617425, "auroc": 0.9855082222222222, "f1": 0.8306997742663655, "mcc": 0.808332893849192}