{"fpr_95": 0.9997777777777777, "fpr_90": 0.9995555555555555, "aupr": 0.09763968665835907, "auroc": 0.021795111111111112, "f1": 0.7419939577039275, "mcc": 0.7203015068187802}