{"fpr_95": 0.9174174174174172, "fpr_90": 0.8348348348348348, "aupr": 0.4803525348884423, "auroc": 0.695170111111111, "f1": 0.3886703383162864, "mcc": 0.43065455233380134}