{"fpr_95": 0.40355555555555556, "fpr_90": 0.31866666666666665, "aupr": 0.34516295521013063, "auroc": 0.8107617777777777, "f1": 0.5399216631515517, "mcc": 0.45283044020403806}