{"fpr_95": 0.7644444444444445, "fpr_90": 0.5726666666666667, "aupr": 0.5714918277317945, "auroc": 0.7953918888888889, "f1": 0.3775038520801232, "mcc": 0.3973588408225393}