{"fpr90": 0.24177777777777779, "fpr95": 0.35888888888888887, "aupr": 0.7329544526033855, "auroc": 0.9142742222222222}