{"fpr_95": 0.5560888888888889, "fpr_90": 0.43622222222222223, "aupr": 0.44426797738376406, "auroc": 0.8088950000000001, "f1": 0.4474339810662681, "mcc": 0.3241206291866091}