{"fpr_95": 0.16977777777777778, "fpr_90": 0.092, "aupr": 0.8726116703604431, "auroc": 0.9632852222222221, "f1": 0.7456037514654162, "mcc": 0.7154145881617043}