{"fpr_95": 0.4026666666666667, "fpr_90": 0.2388888888888889, "aupr": 0.7491980903668867, "auroc": 0.9117773333333332, "f1": 0.49279538904899134, "mcc": 0.49973787466905095}