{"fpr_95": 0.22977777777777778, "fpr_90": 0.18355555555555556, "aupr": 0.48786238338033816, "auroc": 0.8949248888888889, "f1": 0.645048203330412, "mcc": 0.5607233202387157}