{"fpr_95": 0.8261574074074072, "fpr_90": 0.6523148148148148, "aupr": 0.6319693016000695, "auroc": 0.8231169999999999, "f1": 0.5261707988980716, "mcc": 0.5146186346617259}