{"fpr_95": 0.5635555555555556, "fpr_90": 0.3844444444444444, "aupr": 0.6837967115419704, "auroc": 0.8734733333333333, "f1": 0.4506217995610826, "mcc": 0.4557702795305205}