{"fpr_95": 0.059333333333333335, "fpr_90": 0.030444444444444444, "aupr": 0.9498512891541163, "auroc": 0.986303111111111, "f1": 0.8333333333333333, "mcc": 0.8096370594989164}