{"fpr_95": 0.9755555555555555, "fpr_90": 0.9688888888888889, "aupr": 0.10206342997929822, "auroc": 0.08327711111111112, "f1": 0.7034035656401946, "mcc": 0.6405798933786844}