{"fpr_95": 0.062, "fpr_90": 0.029555555555555557, "aupr": 0.9488238388355914, "auroc": 0.9857670000000001, "f1": 0.8488499452354874, "mcc": 0.8244716251938868}