{"fpr_95": 0.9995555555555555, "fpr_90": 0.9977777777777778, "aupr": 0.10047196997317319, "auroc": 0.08945166666666667, "f1": 0.4349134687735139, "mcc": 0.455566074584609}