{"fpr_95": 0.61, "fpr_90": 0.502, "aupr": 0.396892237078285, "auroc": 0.7660151111111111, "f1": 0.2978122794636556, "mcc": 0.24073910057772535}