{"fpr_95": 0.308, "fpr_90": 0.196, "aupr": 0.6944685217747248, "auroc": 0.913945888888889, "f1": 0.6501803194229778, "mcc": 0.5757034327624251}