{"fpr_95": 1.0, "fpr_90": 1.0, "aupr": 0.0973481304982834, "auroc": 0.014071555555555561, "f1": 0.7910271546635183, "mcc": 0.7720377523387705}