{"fpr_95": 0.5522222222222222, "fpr_90": 0.43244444444444446, "aupr": 0.4770458368073448, "auroc": 0.8191633333333334, "f1": 0.3901203293223559, "mcc": 0.3113885549738823}