{"fpr_95": 0.6984444444444444, "fpr_90": 0.4935555555555556, "aupr": 0.691386428724476, "auroc": 0.8511116666666666, "f1": 0.4091266719118804, "mcc": 0.4589688516366674}