{"fpr_95": 0.27311111111111114, "fpr_90": 0.2102222222222222, "aupr": 0.52577107628948, "auroc": 0.8978200000000001, "f1": 0.307739652254193, "mcc": 0.006356995196562479}