{"fpr_95": 0.9991111111111111, "fpr_90": 0.9977777777777778, "aupr": 0.0987668945196953, "auroc": 0.05250577777777779, "f1": 0.6362484157160962, "mcc": 0.6101164785198653}