{"fpr_95": 0.31977777777777777, "fpr_90": 0.23044444444444445, "aupr": 0.7065270963753589, "auroc": 0.9097094444444445, "f1": 0.654577620521893, "mcc": 0.5727383061141608}