{"fpr_95": 0.04622222222222222, "fpr_90": 0.02288888888888889, "aupr": 0.9605997787002227, "auroc": 0.9881106666666667, "f1": 0.838782412626832, "mcc": 0.8178106950502505}