{"fpr_95": 0.7368888888888889, "fpr_90": 0.5824444444444444, "aupr": 0.5780027859654325, "auroc": 0.8005197777777777, "f1": 0.32739059967585094, "mcc": 0.3724302772972368}