{"fpr_95": 0.3804444444444444, "fpr_90": 0.21088888888888888, "aupr": 0.8199139014194581, "auroc": 0.928508, "f1": 0.5073746312684365, "mcc": 0.5350686176261421}