{"fpr_95": 0.256, "fpr_90": 0.16066666666666668, "aupr": 0.8032120462877923, "auroc": 0.9405175555555555, "f1": 0.6887725421756834, "mcc": 0.6450455645537638}