{"f1": 0.7082728592162554, "mcc": 0.6413685097723661}