{"fpr_95": 0.4642222222222222, "fpr_90": 0.3128888888888889, "aupr": 0.5972808658455545, "auroc": 0.8725462222222222, "f1": 0.6036529680365298, "mcc": 0.509036934085335}