{"f1": 0.6845708267509215, "mcc": 0.6202601640931501}