{"fpr_95": 0.7417777777777778, "fpr_90": 0.5604444444444444, "aupr": 0.6021842276234554, "auroc": 0.8125435555555556, "f1": 0.3804347826086957, "mcc": 0.4076582696730399}