{"fpr_95": 0.2028888888888889, "fpr_90": 0.12866666666666668, "aupr": 0.8159531720155577, "auroc": 0.9494676666666666, "f1": 0.689695550351288, "mcc": 0.6478830847203346}