{"fpr_95": 0.258, "fpr_90": 0.13955555555555554, "aupr": 0.8702266900732514, "auroc": 0.9493455555555556, "f1": 0.6941624365482233, "mcc": 0.6808890159222282}