{"fpr_95": 0.9988888888888889, "fpr_90": 0.9973333333333333, "aupr": 0.09943883480032394, "auroc": 0.06261, "f1": 0.6773480662983424, "mcc": 0.6195254795371928}