{"fpr_95": 0.21866666666666668, "fpr_90": 0.1348888888888889, "aupr": 0.8583235411921697, "auroc": 0.9556146666666667, "f1": 0.6549935149156939, "mcc": 0.6428586809252627}