{"fpr_95": 0.21088888888888888, "fpr_90": 0.09977777777777778, "aupr": 0.8882912742226742, "auroc": 0.962082, "f1": 0.6210169491525424, "mcc": 0.6236770980969563}