{"f1": 0.7315212207916071, "mcc": 0.6695444676240944}