{"fpr_95": 0.5373333333333333, "fpr_90": 0.3526666666666667, "aupr": 0.6617056741830559, "auroc": 0.8756146666666667, "f1": 0.30553261767134604, "mcc": 0.3598902687246551}