{"fpr_95": 0.2773333333333333, "fpr_90": 0.17244444444444446, "aupr": 0.7369276579836715, "auroc": 0.9308049999999999, "f1": 0.5826472450918303, "mcc": 0.5448601531426407}