{"fpr_95": 0.06377777777777778, "fpr_90": 0.028666666666666667, "aupr": 0.948175819924075, "auroc": 0.9856806666666666, "f1": 0.8609625668449198, "mcc": 0.8355809497998692}