{"fpr_95": 0.2742222222222222, "fpr_90": 0.1668888888888889, "aupr": 0.8396228221436273, "auroc": 0.9430928888888889, "f1": 0.6408404464871963, "mcc": 0.6314134739136956}