{"fpr_95": 0.9993333333333333, "fpr_90": 0.9975555555555555, "aupr": 0.10079989596133121, "auroc": 0.09206199999999999, "f1": 0.4961240310077519, "mcc": 0.49011468472807657}