{"fpr_95": 0.938, "fpr_90": 0.9237777777777778, "aupr": 0.11150140273975194, "auroc": 0.19134644444444443, "f1": 0.5341867908059353, "mcc": 0.45067726774517325}