{"fpr_95": 0.7737976782752899, "fpr_90": 0.5668888888888889, "aupr": 0.6513602721897236, "auroc": 0.8344115555555557, "f1": 0.5130007027406888, "mcc": 0.5096971688191415}