{"f1": 0.7056345444971038, "mcc": 0.6457566581328535}