{"fpr_95": 0.9957777777777777, "fpr_90": 0.9895555555555555, "aupr": 0.10257321750624361, "auroc": 0.11610444444444445, "f1": 0.6093972472710014, "mcc": 0.518169619504983}