{"fpr_95": 0.7248888888888889, "fpr_90": 0.608, "aupr": 0.5116706434428937, "auroc": 0.7857782222222222, "f1": 0.3523076923076923, "mcc": 0.3621399380872466}