{"fpr90": 0.232, "fpr95": 0.35777777777777775, "aupr": 0.7395032430382712, "auroc": 0.9182053333333333}