{"f1": 0.5929978118161926, "mcc": 0.5160255287150379}