{"fpr_95": 0.43466666666666665, "fpr_90": 0.344, "aupr": 0.6214576503543549, "auroc": 0.8800295555555557, "f1": 0.5224892174984597, "mcc": 0.4621845297873279}