{"fpr_95": 0.5006666666666667, "fpr_90": 0.31555555555555553, "aupr": 0.7176579776644139, "auroc": 0.8872271111111113, "f1": 0.42835365853658547, "mcc": 0.45704147876641654}