{"f1": 0.7992388201712656, "mcc": 0.7533055523281477}