{"fpr_95": 0.5006666666666667, "fpr_90": 0.4033333333333333, "aupr": 0.4746559462915571, "auroc": 0.823907, "f1": 0.5258426966292135, "mcc": 0.4083931961560519}