{"fpr_95": 0.6655555555555556, "fpr_90": 0.4786666666666667, "aupr": 0.6811402188780139, "auroc": 0.8506913333333334, "f1": 0.40125391849529785, "mcc": 0.4444102272081777}