{"fpr_95": 0.05622222222222222, "fpr_90": 0.030444444444444444, "aupr": 0.947472224849797, "auroc": 0.9855673333333334, "f1": 0.848385331143952, "mcc": 0.8238213648718985}