{"fpr_95": 0.6711111111111111, "fpr_90": 0.46555555555555556, "aupr": 0.6874506743451575, "auroc": 0.8581677777777776, "f1": 0.47612049963262304, "mcc": 0.4918072325851876}