{"fpr_95": 0.33355555555555555, "fpr_90": 0.22022222222222224, "aupr": 0.7790122214182783, "auroc": 0.9267428888888888, "f1": 0.5245901639344261, "mcc": 0.5331714894288216}