{"fpr_95": 0.31622222222222224, "fpr_90": 0.20666666666666667, "aupr": 0.824757001104355, "auroc": 0.9334177777777778, "f1": 0.5358435916002896, "mcc": 0.558308443273367}