{"fpr_95": 0.4002222222222222, "fpr_90": 0.2971111111111111, "aupr": 0.5984200696577453, "auroc": 0.8838955555555555, "f1": 0.6093972472710014, "mcc": 0.518169619504983}