{"fpr_95": 0.3208888888888889, "fpr_90": 0.20377777777777778, "aupr": 0.7324374991753367, "auroc": 0.9259673333333334, "f1": 0.5901639344262295, "mcc": 0.5522601914156179}