{"fpr_95": 1.0, "fpr_90": 0.999111111111111, "aupr": 0.09898286025965748, "auroc": 0.059482444444444435, "f1": 0.6887725421756834, "mcc": 0.6450455645537638}