{"fpr_95": 0.059111111111111114, "fpr_90": 0.028, "aupr": 0.9504969473574157, "auroc": 0.9859686666666666, "f1": 0.8688263409453, "mcc": 0.844232128501449}