{"fpr_95": 0.39844444444444443, "fpr_90": 0.23755555555555555, "aupr": 0.6583257978478508, "auroc": 0.8949111111111112, "f1": 0.5633646928610957, "mcc": 0.4826474641305306}