{"fpr_95": 0.268, "fpr_90": 0.20422222222222222, "aupr": 0.49600521945709397, "auroc": 0.8911419999999999, "f1": 0.307739652254193, "mcc": 0.006356995196562479}