{"fpr_95": 0.7102222222222222, "fpr_90": 0.5728888888888889, "aupr": 0.5875011863721152, "auroc": 0.8095755555555557, "f1": 0.20554066130473636, "mcc": 0.3025026714471468}