{"fpr_95": 0.9697777777777777, "fpr_90": 0.9606666666666667, "aupr": 0.10570966455305303, "auroc": 0.1377148888888889, "f1": 0.5786540934419202, "mcc": 0.4759404614185109}