{"fpr_95": 0.7795555555555556, "fpr_90": 0.6457777777777778, "aupr": 0.6322109254584961, "auroc": 0.801899111111111, "f1": 0.38831886345698496, "mcc": 0.4331043745404443}