{"f1": 0.8247610377787893, "mcc": 0.7863965589822328}