{"fpr_95": 0.05444444444444444, "fpr_90": 0.028666666666666663, "aupr": 0.9497977235021212, "auroc": 0.985740888888889, "f1": 0.8485181119648738, "mcc": 0.8244390094014136}