{"fpr_95": 0.37377777777777776, "fpr_90": 0.26222222222222225, "aupr": 0.6441535420497593, "auroc": 0.8928062222222222, "f1": 0.6181015452538631, "mcc": 0.5264805366227939}