{"fpr_95": 0.9928888888888888, "fpr_90": 0.982, "aupr": 0.10879209119890285, "auroc": 0.1916711111111111, "f1": 0.44814615797958085, "mcc": 0.3378894343271479}