{"fpr_95": 0.3731111111111111, "fpr_90": 0.218, "aupr": 0.782749892148268, "auroc": 0.925783888888889, "f1": 0.5891783567134269, "mcc": 0.5765273842509107}