{"f1": 0.12586206896551722, "mcc": 0.12316299984912354}