{"f1": 0.5840995132504055, "mcc": 0.5031614925862462}