{"fpr_95": 1.0, "fpr_90": 0.9993333333333333, "aupr": 0.0979802212931695, "auroc": 0.03285888888888889, "f1": 0.7557077625570776, "mcc": 0.7207373183005537}