{"fpr_95": 1.0, "fpr_90": 0.9995555555555555, "aupr": 0.09796497886097323, "auroc": 0.03609222222222222, "f1": 0.7550901687027342, "mcc": 0.7247545848484446}