{"fpr_95": 0.1368888888888889, "fpr_90": 0.07644444444444444, "aupr": 0.8737788617603206, "auroc": 0.9676933333333333, "f1": 0.7206771463119709, "mcc": 0.694827493692548}