{"fpr_95": 0.6984444444444444, "fpr_90": 0.5733333333333334, "aupr": 0.686891166567079, "auroc": 0.8436555555555556, "f1": 0.34238683127572017, "mcc": 0.4108352802537379}