{"fpr_95": 0.9982222222222222, "fpr_90": 0.9964444444444445, "aupr": 0.10077894011609258, "auroc": 0.08756811111111111, "f1": 0.6878070567217508, "mcc": 0.6146729929826475}