{"fpr_95": 0.15711111111111112, "fpr_90": 0.08333333333333333, "aupr": 0.8747005218526477, "auroc": 0.9651564444444444, "f1": 0.7879763821792808, "mcc": 0.7479571527716303}