{"fpr_95": 0.3805555555555556, "fpr_90": 0.2551111111111111, "aupr": 0.6088998762949038, "auroc": 0.8896624444444443, "f1": 0.6317254174397032, "mcc": 0.5447356935331047}