{"fpr_95": 0.9611111111111111, "fpr_90": 0.9522222222222221, "aupr": 0.1040848208405335, "auroc": 0.10552288888888889, "f1": 0.6679611650485436, "mcc": 0.5981815270528996}