{"fpr_95": 0.9966666666666666, "fpr_90": 0.9937777777777778, "aupr": 0.10291261282751639, "auroc": 0.120615, "f1": 0.5384615384615384, "mcc": 0.45420698833364437}