{"fpr_95": 0.9915555555555555, "fpr_90": 0.9815555555555556, "aupr": 0.11034936251005818, "auroc": 0.20628755555555556, "f1": 0.46079295154185024, "mcc": 0.32674009338396204}