{"f1": 0.8220914440923496, "mcc": 0.7833705113661962}