{"fpr_95": 0.744, "fpr_90": 0.5111111111111111, "aupr": 0.6989970830200886, "auroc": 0.850317, "f1": 0.3936758893280632, "mcc": 0.44205690971851297}