{"f1": 0.8024632875414496, "mcc": 0.7573145962230935}