{"fpr_95": 0.998888888888889, "fpr_90": 0.9962222222222222, "aupr": 0.10179975389966896, "auroc": 0.10285166666666667, "f1": 0.643462739848282, "mcc": 0.5586513396777671}