{"fpr_95": 0.9232009203107467, "fpr_90": 0.8464018406214936, "aupr": 0.48782976282544255, "auroc": 0.6685379908847553, "f1": 0.2323884367106371, "mcc": 0.2846127508520471}