{"f1": 0.02633190447030006, "mcc": -0.005475528945216388}