{"fpr_95": 1.0, "fpr_90": 0.9998840041758498, "aupr": 0.15883024426148706, "auroc": 0.1520152491338791, "f1": 0.5496429394148814, "mcc": 0.5412662684257242}