{"fpr_95": 0.0001159958241503306, "fpr_90": 0.0, "aupr": 0.9999498754149132, "auroc": 0.9999824692395216, "f1": 0.9982209283519327, "mcc": 0.9975830572637364}