{"fpr_95": 0.611935470323068, "fpr_90": 0.22410293229443753, "aupr": 0.8845937836066897, "auroc": 0.9281534440811912, "f1": 0.7057608920090853, "mcc": 0.6769215109319944}