{"fpr_95": 0.00034798747245099175, "fpr_90": 0.0002319916483006612, "aupr": 0.9987030850764653, "auroc": 0.9991984087925586, "f1": 0.9889967637540453, "mcc": 0.985052905732934}