{"fpr_95": 0.9977960793411437, "fpr_90": 0.9971001043962417, "aupr": 0.1465255840999776, "auroc": 0.01896648096073072, "f1": 0.47735353223063837, "mcc": 0.25933564801605186}