{"fpr_95": 1.0, "fpr_90": 1.0, "aupr": 0.14540770946506423, "auroc": 0.000763076089131349, "f1": 0.9787163834350767, "mcc": 0.9716306269111737}