{"fpr_95": 0.34114371882612227, "fpr_90": 0.2913815102656304, "aupr": 0.46691861398590284, "auroc": 0.8188313401947303, "f1": 0.017263427109974427, "mcc": 0.0578262498702808}