{"fpr_95": 0.8765347786671243, "fpr_90": 0.7530695573342487, "aupr": 0.6776359048754301, "auroc": 0.7890608993092431, "f1": 0.39897698209718674, "mcc": 0.42795331096292294}