{"fpr_95": 0.00046398329660132234, "fpr_90": 0.00034798747245099175, "aupr": 0.9990255727865353, "auroc": 0.9995832221237446, "f1": 0.9900925775540036, "mcc": 0.9865721534935733}