{"fpr_95": 0.30274910103236286, "fpr_90": 0.2653984456559564, "aupr": 0.47076573053854465, "auroc": 0.8285742761804263, "f1": 0.0032310177705977385, "mcc": 0.03452075814407139}