{"f1": 0.7159581022797289, "mcc": 0.6874856098888988}