{"fpr_95": 0.999652012527549, "fpr_90": 0.9989560375826471, "aupr": 0.14605476547935092, "auroc": 0.015907457105007003, "f1": 0.49392194497760716, "mcc": 0.294753049708954}