{"fpr_95": 0.8978663751107793, "fpr_90": 0.7953008875816449, "aupr": 0.6165537367477696, "auroc": 0.7501448070846795, "f1": 0.393140517020732, "mcc": 0.4201546259507556}