{"fpr_95": 0.034334763948497854, "fpr_90": 0.018443336039902565, "aupr": 0.9652796743666325, "auroc": 0.9913401609451444, "f1": 0.4586611251298798, "mcc": 0.21401959548511465}