{"fpr_95": 0.0005799791207516529, "fpr_90": 0.00046398329660132234, "aupr": 0.9995848349145303, "auroc": 0.9998627570443063, "f1": 0.9940351442850234, "mcc": 0.9918990112963902}