{"fpr90": 0.03816262614545876, "fpr95": 0.09372462591346711, "aupr": 0.9498622453929473, "auroc": 0.9739671585415158}