{"f1": 0.03553921568627451, "mcc": 0.019360503171996196}