{"fpr_95": 0.0005799791207516529, "fpr_90": 0.0003479874724509917, "aupr": 0.9995702167103265, "auroc": 0.9998521522480854, "f1": 0.990048154093098, "mcc": 0.9865011104277989}