{"fpr_95": 0.9989560375826472, "fpr_90": 0.9983760584618954, "aupr": 0.14616207315235266, "auroc": 0.01680475425214789, "f1": 0.49388244702119155, "mcc": 0.2946728069825171}