{"fpr_95": 0.9994200208792483, "fpr_90": 0.9986080501101959, "aupr": 0.1639955833325642, "auroc": 0.17662851192373252, "f1": 0.49332061068702293, "mcc": 0.49321071009949013}