{"fpr_95": 0.999304025055098, "fpr_90": 0.9988400417584967, "aupr": 0.14578549355533404, "auroc": 0.008833832791081013, "f1": 0.45862708719851575, "mcc": 0.2139286392667391}