{"f1": 0.06874265569917744, "mcc": 0.0409602468155865}