{"fpr_95": 0.00023199164830066117, "fpr_90": 0.00023199164830066117, "aupr": 0.9984558359072184, "auroc": 0.9990663650024456, "f1": 0.9782106305711457, "mcc": 0.97097106806439}