{"fpr_95": 0.8935290295841484, "fpr_90": 0.787058059168297, "aupr": 0.647200631224087, "auroc": 0.7633272444910429, "f1": 0.3601795616583047, "mcc": 0.4079038412191578}