{"fpr_95": 0.00011599582415033058, "fpr_90": 0.00011599582415033058, "aupr": 0.9987597664460612, "auroc": 0.9992195620763478, "f1": 0.98910037416626, "mcc": 0.98524818778525}