{"fpr_95": 0.02354715230251711, "fpr_90": 0.009395661756176777, "aupr": 0.9859224702501076, "auroc": 0.9938698834673666, "f1": 0.9423361261705273, "mcc": 0.9222909633176763}