{"fpr_95": 0.9219166243073527, "fpr_90": 0.843558065122652, "aupr": 0.5138445068981585, "auroc": 0.6787929226780846, "f1": 0.27025527192008875, "mcc": 0.3323372807565484}