{"f1": 0.8229284903518729, "mcc": 0.7920137494496905}