{"fpr_95": 0.4961141398909639, "fpr_90": 0.19870084676951633, "aupr": 0.9066430571545154, "auroc": 0.9416468366362112, "f1": 0.8418394950405771, "mcc": 0.8026332868486816}