{"fpr_95": 0.00046398329660132234, "fpr_90": 0.0003381249863528356, "aupr": 0.9988676918743696, "auroc": 0.9997818415106636, "f1": 0.9956374212312167, "mcc": 0.9940726058808225}