{"fpr_95": 0.06553764064493678, "fpr_90": 0.034798747245099175, "aupr": 0.9462966967291748, "auroc": 0.983508096621143, "f1": 0.49388244702119155, "mcc": 0.2946728069825171}