{"fpr_95": 0.0003339152874975872, "fpr_90": 0.00031631081320365197, "aupr": 0.9990102688941684, "auroc": 0.999820431707177, "f1": 0.9969349895144378, "mcc": 0.9958404783574523}