{"fpr_95": 0.0010439624173529754, "fpr_90": 0.0006959749449019834, "aupr": 0.999339358729487, "auroc": 0.9997705422410619, "f1": 0.9907990314769977, "mcc": 0.9874956493227091}