{"fpr_95": 0.800612412590018, "fpr_90": 0.6012248251800364, "aupr": 0.618101875115121, "auroc": 0.7659706729522139, "f1": 0.5296046287367406, "mcc": 0.4146480149784224}