{"fpr_95": 0.7075656570481107, "fpr_90": 0.49159030274910104, "aupr": 0.8078345142671056, "auroc": 0.8746384890661737, "f1": 0.7028434120945134, "mcc": 0.6577397080898141}