{"fpr_95": 0.9218188145226772, "fpr_90": 0.9116111819974481, "aupr": 0.16442428689804894, "auroc": 0.17142572381957355, "f1": 0.0032310177705977385, "mcc": 0.03452075814407139}