{"fpr_95": 0.05637397053706067, "fpr_90": 0.03584270966245215, "aupr": 0.9162146401778689, "auroc": 0.9809806639841224, "f1": 0.4773166396166628, "mcc": 0.25925230585754927}