{"fpr_95": 0.00034798747245099175, "fpr_90": 0.00011599582415033058, "aupr": 0.9986170439969155, "auroc": 0.999078827984199, "f1": 0.9776896380763509, "mcc": 0.9703236583766854}