{"fpr_95": 0.8750096321620761, "fpr_90": 0.7500192643241522, "aupr": 0.6909002015653238, "auroc": 0.7932432620127943, "f1": 0.49688548155246764, "mcc": 0.50204807580429}