{"fpr_95": 0.00046398329660132234, "fpr_90": 0.0001159958241503306, "aupr": 0.9997778531944659, "auroc": 0.9999229322242781, "f1": 0.9964470284237726, "mcc": 0.9951736456230271}