{"fpr_95": 0.999652012527549, "fpr_90": 0.9993040250550979, "aupr": 0.1924427242209283, "auroc": 0.2921259481907843, "f1": 0.3794712286158631, "mcc": 0.41432202760742654}