{"fpr_95": 0.0009279665932026447, "fpr_90": 0.00034798747245099175, "aupr": 0.9990951160591532, "auroc": 0.999668792505994, "f1": 0.9874355670103092, "mcc": 0.9829230059451545}