{"fpr_95": 0.00034798747245099175, "fpr_90": 0.00033242024209358334, "aupr": 0.998914492277948, "auroc": 0.9997951678917553, "f1": 0.9966090747618279, "mcc": 0.9953942599145865}