{"fpr_95": 0.00034798747245099175, "fpr_90": 0.00022669317425303537, "aupr": 0.9992070003803423, "auroc": 0.999841716377822, "f1": 0.9959566553453015, "mcc": 0.9945066717769344}