{"fpr_95": 0.9179574128893824, "fpr_90": 0.8339724494413564, "aupr": 0.5564655514068433, "auroc": 0.7006412804737735, "f1": 0.2501411631846414, "mcc": 0.3256193160803692}