{"fpr_95": 0.00046398329660132234, "fpr_90": 0.00023157529573730753, "aupr": 0.9991518894835266, "auroc": 0.9998258561073678, "f1": 0.9957928802588997, "mcc": 0.9942849345449454}