{"fpr_95": 0.0005799791207516529, "fpr_90": 0.0002319916483006612, "aupr": 0.9984329599712253, "auroc": 0.9991145089003333, "f1": 0.9841890790546047, "mcc": 0.9786266617321416}