{"fpr_95": 0.00034798747245099175, "fpr_90": 0.00023199164830066117, "aupr": 0.998721057857528, "auroc": 0.999192609001351, "f1": 0.9874326750448834, "mcc": 0.983048425129358}