{"fpr_95": 0.2705022619185709, "fpr_90": 0.2232919614893864, "aupr": 0.5320730925748827, "auroc": 0.859320714939699, "f1": 0.02736239261851734, "mcc": 0.08375662832530985}