{"fpr_95": 0.872220608892002, "fpr_90": 0.7438422817485286, "aupr": 0.6830900465941572, "auroc": 0.7981850032039624, "f1": 0.4220828105395231, "mcc": 0.4411018804590602}