{"fpr_95": 0.0008119707690523141, "fpr_90": 0.00034798747245099175, "aupr": 0.9995564323228244, "auroc": 0.9998458644485562, "f1": 0.9904515293736851, "mcc": 0.987029874983066}