{"f1": 0.03061543267728835, "mcc": 0.03941662642749351}