{"fpr_95": 0.8690033129539044, "fpr_90": 0.7382386175561095, "aupr": 0.6705080804431569, "auroc": 0.7937011264358238, "f1": 0.31072683058632805, "mcc": 0.3605192555579873}