{"fpr_95": 0.9995360167033986, "fpr_90": 0.999304025055098, "aupr": 0.18494136592295674, "auroc": 0.26210675444810205, "f1": 0.28957528957528955, "mcc": 0.3556140477060355}