{"fpr_95": 0.000678043409586191, "fpr_90": 0.0006422960262792241, "aupr": 0.9979700565933644, "auroc": 0.999627349337754, "f1": 0.994037066881547, "mcc": 0.9919029749309247}