{"fpr_95": 0.9034590637090006, "fpr_90": 0.8052430112515951, "aupr": 0.5956907998528203, "auroc": 0.7360716043348653, "f1": 0.395224790449581, "mcc": 0.4147752399899974}