{"fpr_95": 0.0014526923629500572, "fpr_90": 0.0013761305447423874, "aupr": 0.9957308175581354, "auroc": 0.9992267320447661, "f1": 0.9958010335917312, "mcc": 0.9942954957078121}