{"fpr_95": 0.0007840132911722591, "fpr_90": 0.0007426790296175367, "aupr": 0.9976863576823779, "auroc": 0.9995805380779754, "f1": 0.9967710687762351, "mcc": 0.9956148765738084}