{"fpr_95": 0.00011338504784818077, "fpr_90": 0.00010740927097881563, "aupr": 0.9996509074725978, "auroc": 0.9999344567284898, "f1": 0.9985448666127728, "mcc": 0.9980233365924506}