{"fpr_95": 0.7286019484120486, "fpr_90": 0.4814620357877643, "aupr": 0.687339616067655, "auroc": 0.8146665645603102, "f1": 0.5507436570428696, "mcc": 0.5058232179103309}