{"fpr90": 0.03909059273866141, "fpr95": 0.12504349843405638, "aupr": 0.9506215763489838, "auroc": 0.9722894234707228}