{"f1": 0.7360129266814784, "mcc": 0.7053616341273514}