{"fpr_95": 0.00034798747245099175, "fpr_90": 0.00023199164830066114, "aupr": 0.9983746222414419, "auroc": 0.9991207591607608, "f1": 0.9889178617992177, "mcc": 0.9850308117652634}