{"fpr_95": 0.8666953531413543, "fpr_90": 0.7317599656998495, "aupr": 0.7118723688081416, "auroc": 0.8113747044264983, "f1": 0.34134615384615385, "mcc": 0.3935712753590006}