{"fpr_95": 0.03595870548660248, "fpr_90": 0.01960329428140587, "aupr": 0.9604819565366348, "auroc": 0.9907008325046576, "f1": 0.4586611251298798, "mcc": 0.21401959548511465}