{"fpr_95": 1.0, "fpr_90": 0.9995360167033986, "aupr": 0.158667250807785, "auroc": 0.15467924902276334, "f1": 0.5919784898050638, "mcc": 0.5774012192231768}