{"fpr_95": 0.0010439624173529754, "fpr_90": 0.0006959749449019835, "aupr": 0.9991373705409093, "auroc": 0.9996909781150791, "f1": 0.988212497981592, "mcc": 0.983979487691925}