{"f1": 0.7676568955341334, "mcc": 0.734768854760121}