{"f1": 0.26191811553561417, "mcc": 0.3349778663253479}