{"fpr_95": 0.00046398329660132234, "fpr_90": 0.00023199164830066117, "aupr": 0.9987369178743297, "auroc": 0.9991972638499578, "f1": 0.9901150542861773, "mcc": 0.9865809717762057}