{"f1": 0.02426127527216174, "mcc": 0.011346969893386934}