{"fpr_95": 0.8585572810217038, "fpr_90": 0.7164266140999822, "aupr": 0.7184654969012179, "auroc": 0.8174716363932579, "f1": 0.4817695673310647, "mcc": 0.4944024840307536}