{"fpr_95": 0.999652012527549, "fpr_90": 0.9995360167033986, "aupr": 0.17367331713067838, "auroc": 0.2218944745820866, "f1": 0.4174486431651028, "mcc": 0.44579825543614293}