{"fpr_95": 0.006843753624869504, "fpr_90": 0.002203920658856281, "aupr": 0.9953748295633464, "auroc": 0.9978437164611589, "f1": 0.9683257918552037, "mcc": 0.9569544272230799}