{"fpr_95": 0.00046398329660132234, "fpr_90": 0.00023199164830066114, "aupr": 0.9997593831780349, "auroc": 0.9999163628814864, "f1": 0.9951519069166127, "mcc": 0.9934126992290766}