{"fpr_95": 0.00034798747245099175, "fpr_90": 0.0, "aupr": 0.9998095295850153, "auroc": 0.999930045884044, "f1": 0.99404282724199, "mcc": 0.991915993362929}