{"fpr_95": 1.0, "fpr_90": 0.9998840041758497, "aupr": 0.17169105681562355, "auroc": 0.21061926754455607, "f1": 0.4130156290033308, "mcc": 0.45088099556809025}