{"fpr_95": 0.847974324619229, "fpr_90": 0.6931748253673038, "aupr": 0.7393078046517836, "auroc": 0.8313507619874551, "f1": 0.3379753615425817, "mcc": 0.3918791456969488}