{"fpr_95": 0.026099060433824383, "fpr_90": 0.014035494722190001, "aupr": 0.9797685390640136, "auroc": 0.993379247408582, "f1": 0.9399486191393706, "mcc": 0.9182492114262093}