{"f1": 0.01171303074670571, "mcc": -0.07755723416248084}