{"fpr_95": 0.0006744914000527477, "fpr_90": 0.0006389918526815504, "aupr": 0.99800301850606, "auroc": 0.9996378415166698, "f1": 0.9972549652833844, "mcc": 0.9962723193163296}