{"fpr_95": 1.0, "fpr_90": 1.0, "aupr": 0.15958026657990781, "auroc": 0.15605019578518475, "f1": 0.5187102847728877, "mcc": 0.5165887781766803}