{"fpr_95": 0.9292425472682985, "fpr_90": 0.9214708270502263, "aupr": 0.16024687104400429, "auroc": 0.14067928506030092, "f1": 0.02736239261851734, "mcc": 0.08375662832530985}