{"fpr_95": 0.9991880292309477, "fpr_90": 0.9976800835169934, "aupr": 0.2001578676394246, "auroc": 0.31681057281290637, "f1": 0.2665926131630103, "mcc": 0.3273783410072744}