{"fpr_95": 0.9458299501217957, "fpr_90": 0.9447859877044426, "aupr": 0.15259226129830797, "auroc": 0.060295267558070194, "f1": 0.0032310177705977385, "mcc": 0.03452075814407139}