{"fpr_95": 0.0003410626381329871, "fpr_90": 0.000323081345660185, "aupr": 0.9989846666625631, "auroc": 0.9998151199242913, "f1": 0.9985448666127728, "mcc": 0.9980233365924506}