{"fpr_95": 0.05324208328500174, "fpr_90": 0.028534972740981324, "aupr": 0.9548500234704289, "auroc": 0.9862811851394709, "f1": 0.49388244702119155, "mcc": 0.2946728069825171}