{"fpr_95": 0.9991880292309478, "fpr_90": 0.9984920542860457, "aupr": 0.14580562600166122, "auroc": 0.008874112247169462, "f1": 0.4586611251298798, "mcc": 0.21401959548511465}