{"fpr_95": 0.4885412696571494, "fpr_90": 0.38707806518965315, "aupr": 0.820219732412542, "auroc": 0.8936896957793661, "f1": 0.7004645526156331, "mcc": 0.6587249903140289}