{"fpr_95": 0.00023199164830066114, "fpr_90": 0.00011599582415033057, "aupr": 0.9998480488283745, "auroc": 0.9999464692410232, "f1": 0.9962825278810409, "mcc": 0.9949492125066558}