{"fpr_95": 0.00023199164830066117, "fpr_90": 0.00023199164830066117, "aupr": 0.9997436748620769, "auroc": 0.9999132846751497, "f1": 0.9943356530182876, "mcc": 0.9923058678699335}