{"fpr_95": 0.004450746483437562, "fpr_90": 0.004216096993012343, "aupr": 0.9869320987066594, "auroc": 0.9975887696521889, "f1": 0.9873092369477912, "mcc": 0.9827633717386489}