{"fpr_95": 0.0004517489111685511, "fpr_90": 0.00042797265268599584, "aupr": 0.9985495784700682, "auroc": 0.9997092033489383, "f1": 0.9966079793248263, "mcc": 0.9953921539276296}