{"fpr_95": 0.7470782259759439, "fpr_90": 0.4941564519518883, "aupr": 0.8308870354756168, "auroc": 0.8898845259693628, "f1": 0.6205533596837944, "mcc": 0.601475266037422}