{"fpr_95": 0.0, "fpr_90": 0.0, "aupr": 0.999956421898437, "auroc": 0.9999845151205624, "f1": 0.9978994991113266, "mcc": 0.9971470822548606}