{"fpr_95": 0.9995360167033986, "fpr_90": 0.9987240459343463, "aupr": 0.18070889095127113, "auroc": 0.24600208567248857, "f1": 0.3137042062415197, "mcc": 0.3714428861857629}