{"fpr_95": 0.9993040250550981, "fpr_90": 0.9979120751652941, "aupr": 0.16968343384256684, "auroc": 0.20720486101335303, "f1": 0.44960861056751467, "mcc": 0.45499071808535996}