{"fpr_95": 0.8991996288133627, "fpr_90": 0.8951397749681012, "aupr": 0.1653362062166178, "auroc": 0.18116865980526967, "f1": 0.017263427109974427, "mcc": 0.0578262498702808}