{"fpr_95": 0.7417381498856204, "fpr_90": 0.4835922955953916, "aupr": 0.7826783421326546, "auroc": 0.8677125998868572, "f1": 0.5903667697746354, "mcc": 0.5653629483432768}