{"fpr_95": 0.8975291574124168, "fpr_90": 0.7946242553269501, "aupr": 0.6183608827682504, "auroc": 0.7508560792135106, "f1": 0.2286202964652224, "mcc": 0.3035996896077951}