{"fpr_95": 0.0009279665932026448, "fpr_90": 0.00046017744217128297, "aupr": 0.998431678858901, "auroc": 0.9996933993871366, "f1": 0.9938431626701232, "mcc": 0.9916418049017702}