{"fpr_95": 0.06344971581023083, "fpr_90": 0.05892587866836794, "aupr": 0.698312767742407, "auroc": 0.9452108927962088, "f1": 0.0, "mcc": 0.0}