{"fpr_95": 0.8430442371312319, "fpr_90": 0.6860884742624641, "aupr": 0.7384390062094225, "auroc": 0.8337863739817987, "f1": 0.4854041013268998, "mcc": 0.4924081956956621}