{"fpr_95": 1.0, "fpr_90": 1.0, "aupr": 0.14540915118428446, "auroc": 0.0009042043418475856, "f1": 0.9748094133244946, "mcc": 0.9665879718354379}