{"fpr_95": 0.0006890387081200212, "fpr_90": 0.0006527116375161845, "aupr": 0.9979046846506354, "auroc": 0.9996105318202072, "f1": 0.995164410058027, "mcc": 0.9934358381691705}