{"fpr_95": 0.9979120751652941, "fpr_90": 0.9974480918686929, "aupr": 0.14644970868356094, "auroc": 0.01827422238689375, "f1": 0.47735353223063837, "mcc": 0.25933564801605186}