{"f1": 0.6977999169779991, "mcc": 0.6692535325616992}