{"fpr_95": 0.0003479874724509918, "fpr_90": 0.0002319916483006612, "aupr": 0.9997191110947125, "auroc": 0.9999077851967556, "f1": 0.9938511326860842, "mcc": 0.9916472120272278}