{"fpr_95": 0.05706994548196265, "fpr_90": 0.03595870548660248, "aupr": 0.9217793233194107, "auroc": 0.9817037046213261, "f1": 0.4773166396166628, "mcc": 0.25925230585754927}