{"fpr_95": 0.0009279665932026446, "fpr_90": 0.00023199164830066117, "aupr": 0.9985952794630386, "auroc": 0.9993955641545124, "f1": 0.9868570501379198, "mcc": 0.9821707766043855}