{"fpr_95": 0.9990720334067974, "fpr_90": 0.9982600626377449, "aupr": 0.16629841507229567, "auroc": 0.1893848805261781, "f1": 0.4595453434368125, "mcc": 0.46837617976051177}