{"fpr_95": 0.8799566985923435, "fpr_90": 0.7600293930088374, "aupr": 0.6540450875686616, "auroc": 0.7775724514046943, "f1": 0.3285333333333333, "mcc": 0.37123075653286897}