{"fpr_95": 0.00034798747245099175, "fpr_90": 0.0002319916483006612, "aupr": 0.9986089208117764, "auroc": 0.9991225610376409, "f1": 0.9817344084252099, "mcc": 0.9755928592806848}