{"fpr_95": 0.00023199164830066117, "fpr_90": 0.00011599582415033058, "aupr": 0.9995889710287514, "auroc": 0.9999202857176106, "f1": 0.9962897241490564, "mcc": 0.9949629607603521}