{"f1": 0.7996146435452793, "mcc": 0.7681468075693135}