{"fpr_95": 0.32040472175379425, "fpr_90": 0.29679595278246207, "aupr": 0.5922324338153193, "auroc": 0.8897889710170052, "f1": 0.5605095541401274, "mcc": 0.49026416255492}