{"fpr_95": 0.05733558178752108, "fpr_90": 0.03372681281618887, "aupr": 0.9558934023717494, "auroc": 0.9913791744810957, "f1": 0.8792270531400966, "mcc": 0.8589759588164083}