{"fpr_95": 0.9915682967959528, "fpr_90": 0.9881956155143339, "aupr": 0.08407485520855562, "auroc": 0.07462451340404405, "f1": 0.26783479349186484, "mcc": 0.04567267919716907}