{"fpr_95": 0.5075885328836425, "fpr_90": 0.4148397976391231, "aupr": 0.4587169005939218, "auroc": 0.824084726797056, "f1": 0.43349753694581283, "mcc": 0.3384334784425266}