{"fpr_95": 0.53216694772344, "fpr_90": 0.4435075885328836, "aupr": 0.4108108358644633, "auroc": 0.7970165954831289, "f1": 0.44019138755980863, "mcc": 0.34215598762174126}