{"fpr_95": 0.996627318718381, "fpr_90": 0.9932546374367622, "aupr": 0.08573291263724114, "auroc": 0.11150336480118515, "f1": 0.58, "mcc": 0.5121076385826312}