{"fpr_95": 0.9983136593591908, "fpr_90": 0.9983136593591906, "aupr": 0.09112275041233045, "auroc": 0.17923279380939622, "f1": 0.5256410256410257, "mcc": 0.5213924018943944}