{"fpr_95": 0.04384485666104554, "fpr_90": 0.03035413153456998, "aupr": 0.9540147324035859, "auroc": 0.990953649272667, "f1": 0.8627450980392157, "mcc": 0.8407837208072889}