{"f1": 0.5913978494623655, "mcc": 0.5385456666417954}