{"f1": 0.11594202898550722, "mcc": 0.06293507733029349}