{"fpr_95": 0.9730185497470489, "fpr_90": 0.9426644182124788, "aupr": 0.09290441320949414, "auroc": 0.19879907330065716, "f1": 0.0, "mcc": 0.0}