{"fpr_95": 0.8572062956717257, "fpr_90": 0.7194716132658798, "aupr": 0.4788693309763849, "auroc": 0.7815243258577486, "f1": 0.3404255319148936, "mcc": 0.3472370658922129}