{"fpr_95": 0.2792580101180438, "fpr_90": 0.21804384485666106, "aupr": 0.7190829585649967, "auroc": 0.9263368583631465, "f1": 0.5777777777777777, "mcc": 0.5304989500075816}