{"fpr_95": 0.3389544688026982, "fpr_90": 0.11298482293423273, "aupr": 0.8492222479212204, "auroc": 0.9482908070794787, "f1": 0.8059701492537313, "mcc": 0.7758141389507378}