{"fpr_95": 0.3625632377740304, "fpr_90": 0.29005059021922436, "aupr": 0.6284932096236683, "auroc": 0.8844935462010055, "f1": 0.5625, "mcc": 0.49841521899218366}