{"fpr_95": 0.8831111023961723, "fpr_90": 0.7712812267147731, "aupr": 0.5056499662980295, "auroc": 0.7661975382578683, "f1": 0.380281690140845, "mcc": 0.39435909414221926}