{"fpr_95": 0.16020236087689713, "fpr_90": 0.11635750421585161, "aupr": 0.8513723523963121, "auroc": 0.9651699736804777, "f1": 0.7867298578199052, "mcc": 0.7489968947398545}