{"f1": 0.5853658536585366, "mcc": 0.5702776302408067}