{"fpr_95": 0.02866779089376054, "fpr_90": 0.01517706576728499, "aupr": 0.9663976564654461, "auroc": 0.9928527525176908, "f1": 0.9017857142857143, "mcc": 0.8843714985763433}