{"fpr_95": 0.9915682967959528, "fpr_90": 0.9915682967959529, "aupr": 0.08396558829062056, "auroc": 0.0737577027942822, "f1": 0.26783479349186484, "mcc": 0.04567267919716907}