{"fpr_95": 0.7364309804866295, "fpr_90": 0.4728619609732596, "aupr": 0.6007648297428109, "auroc": 0.8600652471986256, "f1": 0.43421052631578944, "mcc": 0.4228134774454992}