{"fpr_95": 1.0, "fpr_90": 1.0, "aupr": 0.08228817517666011, "auroc": 0.04357693338166459, "f1": 0.8041237113402062, "mcc": 0.7785792241275727}