{"fpr_95": 0.04384485666104554, "fpr_90": 0.021922428330522763, "aupr": 0.9679225125899368, "auroc": 0.9936486422593812, "f1": 0.8888888888888888, "mcc": 0.8686727366662109}