{"fpr_95": 0.448566610455312, "fpr_90": 0.30185497470489037, "aupr": 0.6556938650335754, "auroc": 0.8997494129328143, "f1": 0.6178861788617886, "mcc": 0.544874847436736}