{"fpr_95": 0.8581097654453471, "fpr_90": 0.7162195308906946, "aupr": 0.5789299869868028, "auroc": 0.8048021307780806, "f1": 0.4666666666666667, "mcc": 0.46999701957626416}