{"fpr_95": 0.9983136593591906, "fpr_90": 0.9966273187183811, "aupr": 0.09049101696133866, "auroc": 0.1741422515011584, "f1": 0.4556962025316456, "mcc": 0.4308106923216387}