{"f1": 0.5945945945945945, "mcc": 0.5434795426730098}