{"f1": 0.11347517730496452, "mcc": 0.051761063917377434}