{"fpr_95": 0.1905564924114671, "fpr_90": 0.11467116357504216, "aupr": 0.7369889467436391, "auroc": 0.9500874690706214, "f1": 0.7125506072874493, "mcc": 0.6609901722068302}