{"fpr_95": 0.032040472175379434, "fpr_90": 0.01517706576728499, "aupr": 0.9714693895815701, "auroc": 0.9949252178846669, "f1": 0.88, "mcc": 0.8629921832736572}