{"fpr_95": 0.047217537942664416, "fpr_90": 0.03035413153456998, "aupr": 0.9385220308112829, "auroc": 0.9909851696584766, "f1": 0.8669527896995708, "mcc": 0.8446411172238287}