{"fpr_95": 0.9949409780775716, "fpr_90": 0.9915682967959528, "aupr": 0.09439700126837092, "auroc": 0.2071046949614663, "f1": 0.441717791411043, "mcc": 0.4015373646647773}