{"fpr_95": 0.9898819561551433, "fpr_90": 0.9898819561551433, "aupr": 0.08414643825910259, "auroc": 0.0682416352776158, "f1": 0.26783479349186484, "mcc": 0.04567267919716907}