{"fpr_95": 0.9949409780775716, "fpr_90": 0.9881956155143339, "aupr": 0.08868175721274445, "auroc": 0.1573024853824211, "f1": 0.513888888888889, "mcc": 0.420092492385211}