{"f1": 0.12676056338028166, "mcc": 0.06648548238425406}