{"fpr_95": 0.0387858347386172, "fpr_90": 0.023608768971332208, "aupr": 0.9416878873844478, "auroc": 0.9912924934201195, "f1": 0.8858447488584474, "mcc": 0.8650061322788661}