{"fpr_95": 0.0387858347386172, "fpr_90": 0.021922428330522766, "aupr": 0.9674450322378764, "auroc": 0.9928685127105956, "f1": 0.9019607843137255, "mcc": 0.8867452291390358}