{"fpr_95": 0.047217537942664416, "fpr_90": 0.03035413153456998, "aupr": 0.9522855452302359, "auroc": 0.9907014861861909, "f1": 0.8584905660377359, "mcc": 0.8332921858530472}