{"fpr_95": 0.02023608768971332, "fpr_90": 0.01517706576728499, "aupr": 0.978410877353844, "auroc": 0.9957762683015241, "f1": 0.9107981220657277, "mcc": 0.8948055166069305}