{"fpr_95": 0.04215851602023609, "fpr_90": 0.023608768971332208, "aupr": 0.949476176958851, "auroc": 0.9902129202061434, "f1": 0.8826291079812206, "mcc": 0.861581364676619}