{"fpr_95": 0.16357504215851604, "fpr_90": 0.10455311973018551, "aupr": 0.8620506318147503, "auroc": 0.9550519298356213, "f1": 0.8155339805825242, "mcc": 0.78457783838514}