{"fpr_95": 0.24620573355817876, "fpr_90": 0.09612141652613827, "aupr": 0.8577795346592443, "auroc": 0.9549573686781926, "f1": 0.7979274611398963, "mcc": 0.7722100410538729}