{"fpr_95": 0.02866779089376054, "fpr_90": 0.025295109612141653, "aupr": 0.9643799683459735, "auroc": 0.9916943783391908, "f1": 0.8855721393034826, "mcc": 0.8689610704314662}