{"fpr_95": 0.43170320404721746, "fpr_90": 0.10455311973018551, "aupr": 0.867172085882822, "auroc": 0.9496777040550975, "f1": 0.8374384236453202, "mcc": 0.8115940801231829}