{"fpr_95": 0.31197301854974707, "fpr_90": 0.2057335581787521, "aupr": 0.6561068158161959, "auroc": 0.914690075806528, "f1": 0.6123778501628664, "mcc": 0.557395854709469}