{"fpr_95": 0.8358878271188557, "fpr_90": 0.67683467616014, "aupr": 0.473282750310554, "auroc": 0.7989944996926762, "f1": 0.3513513513513513, "mcc": 0.33360622098552833}