{"f1": 0.20143884892086328, "mcc": 0.1731274181598164}