{"fpr_95": 0.2715008431703204, "fpr_90": 0.11804384485666104, "aupr": 0.8619692904894323, "auroc": 0.952624860128288, "f1": 0.8159203980099503, "mcc": 0.7874575053858289}