{"fpr_95": 0.9949409780775716, "fpr_90": 0.9915682967959527, "aupr": 0.08288508227611432, "auroc": 0.04557847788056926, "f1": 0.26783479349186484, "mcc": 0.04567267919716907}