{"fpr_95": 0.047217537942664416, "fpr_90": 0.013490725126475546, "aupr": 0.9562223597165572, "auroc": 0.9935146806196906, "f1": 0.9117647058823529, "mcc": 0.8982356062219725}