{"fpr_95": 1.0, "fpr_90": 0.9983136593591906, "aupr": 0.08300368719894885, "auroc": 0.06441190840175884, "f1": 0.821917808219178, "mcc": 0.7892043930956906}