{"fpr_95": 0.0387858347386172, "fpr_90": 0.02866779089376054, "aupr": 0.9564004044814762, "auroc": 0.9929000330964052, "f1": 0.88, "mcc": 0.8585431635223285}