{"fpr_95": 0.9966273187183812, "fpr_90": 0.9949409780775716, "aupr": 0.08284768057697596, "auroc": 0.04549967691604545, "f1": 0.26783479349186484, "mcc": 0.04567267919716907}