{"fpr_95": 0.42327150084317033, "fpr_90": 0.10455311973018551, "aupr": 0.8713967404988819, "auroc": 0.95117492238105, "f1": 0.848780487804878, "mcc": 0.8239875277150374}