{"f1": 0.5632183908045977, "mcc": 0.5230067686881292}