{"fpr_95": 0.16020236087689713, "fpr_90": 0.13322091062394603, "aupr": 0.6452618944896983, "auroc": 0.9350680052323841, "f1": 0.26783479349186484, "mcc": 0.04567267919716907}