{"fpr_95": 0.5109612141652614, "fpr_90": 0.40640809443507586, "aupr": 0.49890985820053163, "auroc": 0.835101101637484, "f1": 0.4705882352941176, "mcc": 0.3811686374898197}