{"fpr_95": 0.9932546374367622, "fpr_90": 0.9915682967959527, "aupr": 0.08380624347307936, "auroc": 0.06458527052371121, "f1": 0.26783479349186484, "mcc": 0.04567267919716907}