{"fpr_95": 0.996627318718381, "fpr_90": 0.996627318718381, "aupr": 0.0858137201141044, "auroc": 0.11400135537658981, "f1": 0.5347593582887701, "mcc": 0.47130427279300185}