{"fpr_95": 0.996627318718381, "fpr_90": 0.9949409780775715, "aupr": 0.0880846312712655, "auroc": 0.1496272714378024, "f1": 0.45714285714285713, "mcc": 0.39686367766643815}