{"fpr_95": 0.045531197301854974, "fpr_90": 0.028667790893760536, "aupr": 0.9334821537766576, "auroc": 0.9890781863170005, "f1": 0.8778280542986425, "mcc": 0.8555597004537686}