{"fpr_95": 0.2866779089376054, "fpr_90": 0.2107925801011804, "aupr": 0.6682300114592382, "auroc": 0.927881357267813, "f1": 0.26783479349186484, "mcc": 0.04567267919716907}