{"fpr_95": 0.1821247892074199, "fpr_90": 0.1197301854974705, "aupr": 0.7683126795501812, "auroc": 0.9569746733700021, "f1": 0.26783479349186484, "mcc": 0.04567267919716907}