{"f1": 0.5238095238095238, "mcc": 0.4880775969973585}