{"fpr_95": 0.23102866779089376, "fpr_90": 0.15345699831365936, "aupr": 0.8677951206715129, "auroc": 0.9521205339553358, "f1": 0.808080808080808, "mcc": 0.7801627561633706}