{"fpr_95": 0.04047217537942664, "fpr_90": 0.026981450252951098, "aupr": 0.9667396413643915, "auroc": 0.9935068005232384, "f1": 0.8767123287671232, "mcc": 0.8541773123955553}