{"fpr_95": 0.7710792580101178, "fpr_90": 0.5455311973018552, "aupr": 0.5221303467322146, "auroc": 0.8231863958014847, "f1": 0.4129032258064516, "mcc": 0.38741619844693626}