{"fpr_95": 0.050590219224283306, "fpr_90": 0.02023608768971332, "aupr": 0.9611282934745309, "auroc": 0.9926557501063813, "f1": 0.8712871287128714, "mcc": 0.8517262232712597}