{"fpr_95": 0.032040472175379434, "fpr_90": 0.023608768971332208, "aupr": 0.9284807595319247, "auroc": 0.9902129202061433, "f1": 0.8899082568807339, "mcc": 0.8698171954982371}