{"fpr_95": 0.9292645973861718, "fpr_90": 0.8484901981450252, "aupr": 0.4209076560008207, "auroc": 0.6816677436131817, "f1": 0.3053435114503817, "mcc": 0.35630671847565965}