{"fpr90": 0.47048903878583476, "fpr95": 0.6357504215851602, "aupr": 0.52908518691732, "auroc": 0.8514917022584356}