{"fpr_95": 0.03541315345699832, "fpr_90": 0.01854974704890388, "aupr": 0.9468404337064309, "auroc": 0.9918835006540481, "f1": 0.891891891891892, "mcc": 0.8723498068615012}