{"fpr_95": 0.8708117694946792, "fpr_90": 0.746682560911787, "aupr": 0.5601288555880102, "auroc": 0.7700509054230823, "f1": 0.4551724137931034, "mcc": 0.4764200566581756}