{"fpr_95": 1.0, "fpr_90": 0.9898819561551433, "aupr": 0.09382373240623675, "auroc": 0.2058675198184426, "f1": 0.56353591160221, "mcc": 0.5124379026228786}