{"fpr_95": 0.19730185497470493, "fpr_90": 0.17537942664418213, "aupr": 0.6988330469651839, "auroc": 0.9313643598997651, "f1": 0.5249999999999999, "mcc": 0.5087098252227499}