{"fpr_95": 1.0, "fpr_90": 1.0, "aupr": 0.08456505603403855, "auroc": 0.09762651494854295, "f1": 0.5964912280701754, "mcc": 0.5677251623553248}