{"fpr_95": 0.32546374367622266, "fpr_90": 0.0893760539629005, "aupr": 0.862075604756887, "auroc": 0.9513798048888118, "f1": 0.8181818181818181, "mcc": 0.7919673068694286}