{"fpr_95": 0.8462463306476796, "fpr_90": 0.6975516832177878, "aupr": 0.4667779652964857, "auroc": 0.7911774440119147, "f1": 0.33333333333333337, "mcc": 0.2880027860061247}