{"fpr_95": 0.5362563237774031, "fpr_90": 0.4131534569983137, "aupr": 0.46698020565598497, "auroc": 0.842697514617579, "f1": 0.513888888888889, "mcc": 0.420092492385211}