{"fpr_95": 0.03878583473861719, "fpr_90": 0.016863406408094434, "aupr": 0.9701370986823784, "auroc": 0.9935856014877622, "f1": 0.8968609865470851, "mcc": 0.8783696923638705}