{"fpr_95": 0.028667790893760536, "fpr_90": 0.02866779089376054, "aupr": 0.96893127828483, "auroc": 0.993664402452286, "f1": 0.8785046728971962, "mcc": 0.8565822445666735}