{"fpr_95": 1.0, "fpr_90": 1.0, "aupr": 0.08255610497984767, "auroc": 0.05542859844604497, "f1": 0.850467289719626, "mcc": 0.8234858394666751}