{"fpr_95": 1.0, "fpr_90": 1.0, "aupr": 0.11217366738636936, "auroc": 0.31518809790231833, "f1": 0.2857142857142857, "mcc": 0.3687925297930203}