{"fpr_95": 0.045531197301854974, "fpr_90": 0.03035413153456998, "aupr": 0.9460159054413833, "auroc": 0.9900631983735481, "f1": 0.8530805687203792, "mcc": 0.8271303526344574}