{"fpr_95": 0.6516149954598518, "fpr_90": 0.3032299909197045, "aupr": 0.6940683167895079, "auroc": 0.9028620510315046, "f1": 0.5766871165644171, "mcc": 0.5625035093919111}