{"fpr_95": 0.32040472175379425, "fpr_90": 0.11467116357504216, "aupr": 0.8643134138865322, "auroc": 0.9474555168555263, "f1": 0.8258706467661693, "mcc": 0.7991008718209199}