{"fpr_95": 0.05564924114671164, "fpr_90": 0.03035413153456998, "aupr": 0.9571073551209136, "auroc": 0.9915367764101433, "f1": 0.8699551569506727, "mcc": 0.8463391242947568}