{"fpr_95": 0.41652613827993257, "fpr_90": 0.3220910623946037, "aupr": 0.6061664780025207, "auroc": 0.8902538967076957, "f1": 0.56353591160221, "mcc": 0.5124379026228786}