{"fpr_95": 0.35413153456998314, "fpr_90": 0.25632377740303547, "aupr": 0.6035008400796552, "auroc": 0.8949661943862194, "f1": 0.5645161290322581, "mcc": 0.4795473706327593}