{"fpr_95": 0.8909009364572494, "fpr_90": 0.7868608948369272, "aupr": 0.46579834416835786, "auroc": 0.7466942995382263, "f1": 0.3448275862068965, "mcc": 0.33625234008332094}