{"fpr_95": 0.03709949409780776, "fpr_90": 0.02023608768971332, "aupr": 0.9675897990442928, "auroc": 0.993995366503286, "f1": 0.881516587677725, "mcc": 0.8606161203035729}