{"fpr_95": 0.04384485666104553, "fpr_90": 0.0387858347386172, "aupr": 0.9561855594884349, "auroc": 0.991284613323667, "f1": 0.8532110091743118, "mcc": 0.8263441907074358}