{"fpr_95": 0.06745362563237774, "fpr_90": 0.02023608768971332, "aupr": 0.9297431335462653, "auroc": 0.9897795149012624, "f1": 0.8990825688073394, "mcc": 0.8806854466959375}