{"fpr_95": 0.5716694772344013, "fpr_90": 0.41821247892074204, "aupr": 0.3184703561369261, "auroc": 0.8012009266993428, "f1": 0.0, "mcc": 0.0}