{"fpr_95": 0.33052276559865085, "fpr_90": 0.11467116357504216, "aupr": 0.8498864348947187, "auroc": 0.9531764668799546, "f1": 0.8059701492537313, "mcc": 0.7758141389507378}