{"fpr90": 0.6745362563237775, "fpr95": 0.7622259696458684, "aupr": 0.26300159631004383, "auroc": 0.6702179634678729}