{"fpr_95": 0.03204047217537943, "fpr_90": 0.016863406408094434, "aupr": 0.9527480689029104, "auroc": 0.9918913807505003, "f1": 0.8962264150943396, "mcc": 0.8777640836971057}