{"fpr_95": 0.5480607082630692, "fpr_90": 0.3102866779089376, "aupr": 0.788840323728976, "auroc": 0.9167704212699562, "f1": 0.7835051546391752, "mcc": 0.7545123915608686}