{"fpr_95": 0.03541315345699832, "fpr_90": 0.03035413153456998, "aupr": 0.9613008742743261, "auroc": 0.9924823879844289, "f1": 0.8703703703703703, "mcc": 0.846774869814694}