{"fpr_95": 0.9983136593591906, "fpr_90": 0.9915682967959527, "aupr": 0.08829297066211436, "auroc": 0.1520543411451356, "f1": 0.5058823529411764, "mcc": 0.46290835590180235}