{"fpr_95": 0.03709949409780776, "fpr_90": 0.03372681281618887, "aupr": 0.9568841948100857, "auroc": 0.9914106948669051, "f1": 0.872549019607843, "mcc": 0.8522740978902256}