{"f1": 0.10370370370370369, "mcc": 0.055104118112750726}