{"fpr_95": 0.895837804691093, "fpr_90": 0.7916756093821861, "aupr": 0.42686574885551104, "auroc": 0.7386566011567981, "f1": 0.3401360544217687, "mcc": 0.3230057519926238}