{"fpr_95": 0.224283305227656, "fpr_90": 0.09274873524451939, "aupr": 0.8844228576994133, "auroc": 0.9583930907314305, "f1": 0.8374384236453202, "mcc": 0.8115940801231829}