{"f1": 0.5766871165644171, "mcc": 0.5625035093919111}