{"fpr_95": 0.9949409780775715, "fpr_90": 0.9932546374367622, "aupr": 0.08464499639041383, "auroc": 0.09335550267135269, "f1": 0.5792349726775955, "mcc": 0.5280805660964677}