{"fpr_95": 0.16188870151770657, "fpr_90": 0.13490725126475547, "aupr": 0.6111687632927824, "auroc": 0.9306393910261461, "f1": 0.26783479349186484, "mcc": 0.04567267919716907}