{"fpr_95": 0.2411467116357504, "fpr_90": 0.20067453625632378, "aupr": 0.7212026930535744, "auroc": 0.9295519377157175, "f1": 0.5966850828729281, "mcc": 0.5511723204296616}