{"fpr_95": 0.04384485666104553, "fpr_90": 0.013490725126475546, "aupr": 0.9694418300468546, "auroc": 0.994058407274905, "f1": 0.8932038834951457, "mcc": 0.8757188738147825}