{"fpr_95": 0.29173693086003377, "fpr_90": 0.12984822934232715, "aupr": 0.7390399029850815, "auroc": 0.9388504515295267, "f1": 0.7088607594936709, "mcc": 0.6546682301041269}