{"fpr_95": 0.996627318718381, "fpr_90": 0.9949409780775716, "aupr": 0.08567873474480771, "auroc": 0.11021102898299476, "f1": 0.5605095541401274, "mcc": 0.49026416255492}