{"fpr_95": 0.9949409780775716, "fpr_90": 0.9881956155143339, "aupr": 0.08557165561513959, "auroc": 0.11170036721249468, "f1": 0.5310734463276836, "mcc": 0.48035922424640504}