{"fpr_95": 0.3490725126475548, "fpr_90": 0.29173693086003377, "aupr": 0.6900902553303437, "auroc": 0.9079919938220044, "f1": 0.5921787709497207, "mcc": 0.548811158725151}