{"fpr_95": 0.18381112984822934, "fpr_90": 0.12141652613827993, "aupr": 0.73539884340424, "auroc": 0.9536650328600023, "f1": 0.26783479349186484, "mcc": 0.04567267919716907}