{"fpr_95": 0.7472677595628415, "fpr_90": 0.6707650273224044, "aupr": 0.4730165535840537, "auroc": 0.7188290106842836, "f1": 0.5, "mcc": 0.27893874536437774}