{"fpr_95": 0.8756830601092895, "fpr_90": 0.7759562841530054, "aupr": 0.3070815828879724, "auroc": 0.5834964521654025, "f1": 0.4376634699215344, "mcc": 0.1068069638975109}