{"fpr_95": 0.9275956284153004, "fpr_90": 0.8770491803278688, "aupr": 0.29103693604730546, "auroc": 0.5236267433325178, "f1": 0.4182776801405976, "mcc": 0.03249309809271061}