{"fpr_95": 0.6420765027322405, "fpr_90": 0.592896174863388, "aupr": 0.6472246282981196, "auroc": 0.803905676535356, "f1": 0.5847750865051903, "mcc": 0.4194362274432517}