{"fpr_95": 0.6871584699453552, "fpr_90": 0.5846994535519124, "aupr": 0.4263793518678157, "auroc": 0.7147816246635674, "f1": 0.5125523012552301, "mcc": 0.2953879811240948}