{"fpr_95": 0.8005464480874317, "fpr_90": 0.7158469945355191, "aupr": 0.4355752318989145, "auroc": 0.7132727754669277, "f1": 0.5236907730673317, "mcc": 0.302734339329159}