{"fpr_95": 0.6284153005464481, "fpr_90": 0.5587431693989071, "aupr": 0.5949353211785493, "auroc": 0.7886540657368893, "f1": 0.5683836589698047, "mcc": 0.4007141661805837}