{"f1": 0.4793814432989691, "mcc": 0.42270200589353507}