{"fpr_95": 0.9002732240437158, "fpr_90": 0.8237704918032787, "aupr": 0.3657018855358428, "auroc": 0.6073321915015089, "f1": 0.4349344978165939, "mcc": 0.09599189166700242}