{"fpr_95": 0.6215846994535519, "fpr_90": 0.5642076502732241, "aupr": 0.6089369849663347, "auroc": 0.8022999755321751, "f1": 0.5818181818181819, "mcc": 0.4092654472684202}