{"fpr_95": 0.7540983606557377, "fpr_90": 0.6133879781420765, "aupr": 0.4533699776856195, "auroc": 0.7114122012886388, "f1": 0.5022123893805309, "mcc": 0.26536630754142004}