{"fpr_95": 0.6407103825136612, "fpr_90": 0.5396174863387978, "aupr": 0.5842531557729376, "auroc": 0.7846780442052034, "f1": 0.562130177514793, "mcc": 0.3705295147195291}