{"fpr_95": 0.7745901639344263, "fpr_90": 0.7062841530054644, "aupr": 0.4851912801875625, "auroc": 0.6833863469537558, "f1": 0.46409989594172735, "mcc": 0.18246121415595987}