{"fpr_95": 0.7540983606557377, "fpr_90": 0.6215846994535519, "aupr": 0.41053919756327384, "auroc": 0.695559089796917, "f1": 0.512707182320442, "mcc": 0.28774059523520484}