{"fpr_95": 0.6256830601092896, "fpr_90": 0.5546448087431693, "aupr": 0.5922420150255343, "auroc": 0.7908561699698231, "f1": 0.5599999999999999, "mcc": 0.3788600377343666}