{"fpr_95": 0.6775956284153004, "fpr_90": 0.5286885245901639, "aupr": 0.5496301881160498, "auroc": 0.7710168420194112, "f1": 0.5338983050847458, "mcc": 0.32329882770420243}