{"fpr_95": 0.6994535519125683, "fpr_90": 0.616120218579235, "aupr": 0.41071740649684124, "auroc": 0.7079204387896582, "f1": 0.49868073878627966, "mcc": 0.2605068731487049}