{"fpr_95": 0.7049180327868853, "fpr_90": 0.6420765027322405, "aupr": 0.392571610679978, "auroc": 0.6797161732321998, "f1": 0.48964677222898895, "mcc": 0.23975173319818963}