{"fpr_95": 0.8715846994535519, "fpr_90": 0.7390710382513661, "aupr": 0.41554382435030945, "auroc": 0.6689350379251284, "f1": 0.28125, "mcc": 0.16154180677366256}