{"fpr_95": 0.8674863387978143, "fpr_90": 0.8005464480874318, "aupr": 0.32291974591385003, "auroc": 0.5589368730119892, "f1": 0.4411492122335496, "mcc": 0.11909618490660528}