{"fpr_95": 0.7336065573770492, "fpr_90": 0.6625683060109289, "aupr": 0.3620000861062658, "auroc": 0.6625581110839247, "f1": 0.4842105263157895, "mcc": 0.2427968279806963}