{"fpr_95": 0.7281420765027322, "fpr_90": 0.592896174863388, "aupr": 0.4476439896907119, "auroc": 0.7207252671070875, "f1": 0.5126436781609195, "mcc": 0.28442579048579164}