{"fpr_95": 0.8715846994535519, "fpr_90": 0.7841530054644809, "aupr": 0.3264873249764765, "auroc": 0.5648015047712259, "f1": 0.42767295597484273, "mcc": 0.09803210655869805}