{"fpr_95": 0.7131147540983607, "fpr_90": 0.6352459016393442, "aupr": 0.4164792714312031, "auroc": 0.6899034540412692, "f1": 0.49380165289256195, "mcc": 0.25323896745743024}