{"fpr_95": 0.7281420765027322, "fpr_90": 0.592896174863388, "aupr": 0.354729308808831, "auroc": 0.6808070304216622, "f1": 0.5221932114882507, "mcc": 0.3004465496990163}