{"f1": 0.3651452282157676, "mcc": 0.16871785359670127}