{"fpr_95": 0.7841530054644809, "fpr_90": 0.6775956284153004, "aupr": 0.4094856893380789, "auroc": 0.6915652271429737, "f1": 0.5006353240152478, "mcc": 0.26167329980968657}