{"fpr_95": 0.6707650273224043, "fpr_90": 0.587431693989071, "aupr": 0.44870253046927006, "auroc": 0.729365467743251, "f1": 0.5014807502467916, "mcc": 0.2814806012022476}