{"f1": 0.24938875305623473, "mcc": 0.08571157769260938}