{"fpr_95": 0.7308743169398906, "fpr_90": 0.6092896174863388, "aupr": 0.3428757874608942, "auroc": 0.6697914117934916, "f1": 0.5146579804560261, "mcc": 0.2940487949989143}