{"f1": 0.45629629629629626, "mcc": 0.20645762625453218}