{"fpr_95": 0.6775956284153004, "fpr_90": 0.6147540983606558, "aupr": 0.39382727163967635, "auroc": 0.7035468151048039, "f1": 0.5203252032520325, "mcc": 0.29907035184177583}