{"fpr_95": 0.7909836065573771, "fpr_90": 0.6980874316939891, "aupr": 0.36558667760795494, "auroc": 0.6560435527281624, "f1": 0.49543378995433784, "mcc": 0.24999201968674908}