{"fpr_95": 0.7540983606557377, "fpr_90": 0.6816939890710383, "aupr": 0.3847492501383881, "auroc": 0.6657134409917626, "f1": 0.4521739130434783, "mcc": 0.19613482022487633}