{"fpr_95": 0.901639344262295, "fpr_90": 0.8497267759562842, "aupr": 0.30444721832541605, "auroc": 0.5484462931245412, "f1": 0.11538461538461538, "mcc": 0.0683397658290947}