{"fpr_95": 0.8183060109289617, "fpr_90": 0.7704918032786884, "aupr": 0.3140812165139248, "auroc": 0.5912777302014518, "f1": 0.45348837209302323, "mcc": 0.1555143808826937}