{"fpr_95": 0.7991803278688525, "fpr_90": 0.7431693989071039, "aupr": 0.4762343273455729, "auroc": 0.7049486175678982, "f1": 0.461839530332681, "mcc": 0.2783457405613478}