{"fpr_95": 0.773224043715847, "fpr_90": 0.6734972677595628, "aupr": 0.5034629538739831, "auroc": 0.733412853763967, "f1": 0.5165354330708661, "mcc": 0.307494400844862}