{"fpr_95": 0.6680327868852459, "fpr_90": 0.5997267759562842, "aupr": 0.42530949078384356, "auroc": 0.7190558478101295, "f1": 0.511340206185567, "mcc": 0.2955058661452962}