{"fpr_95": 0.7650273224043715, "fpr_90": 0.6202185792349727, "aupr": 0.5474322444183047, "auroc": 0.7671019900497513, "f1": 0.5638474295190713, "mcc": 0.38373065408761536}