{"fpr_95": 0.8975409836065573, "fpr_90": 0.8210382513661202, "aupr": 0.28485269069373087, "auroc": 0.5428543756626703, "f1": 0.42651757188498407, "mcc": 0.059163155704208846}