{"f1": 0.20865139949109412, "mcc": 0.0512011001664456}