{"f1": 0.16710182767624018, "mcc": 0.008351000587485198}