{"fpr_95": 0.7021857923497268, "fpr_90": 0.6147540983606558, "aupr": 0.35760834132811253, "auroc": 0.6750672865182284, "f1": 0.5193236714975846, "mcc": 0.2952808088710864}