{"fpr_95": 0.8838797814207651, "fpr_90": 0.8005464480874318, "aupr": 0.303377262714411, "auroc": 0.5591152842345648, "f1": 0.014760147601476014, "mcc": 0.049374195871491416}