{"fpr_95": 0.7841530054644809, "fpr_90": 0.6857923497267759, "aupr": 0.41961726145229905, "auroc": 0.6898907103825136, "f1": 0.4837451235370611, "mcc": 0.2335969648336428}