{"fpr_95": 0.8961748633879782, "fpr_90": 0.7704918032786885, "aupr": 0.3129208424117297, "auroc": 0.593589429899682, "f1": 0.44563279857397503, "mcc": 0.135092141867981}