{"fpr_95": 0.8306010928961748, "fpr_90": 0.7663934426229508, "aupr": 0.3466367485132933, "auroc": 0.6329112633553543, "f1": 0.45614035087719296, "mcc": 0.1669592658433902}