{"fpr_95": 0.6530054644808743, "fpr_90": 0.5765027322404371, "aupr": 0.5648420571676811, "auroc": 0.7820885327461055, "f1": 0.5525846702317291, "mcc": 0.3793662659691041}