{"fpr_95": 0.7800546448087432, "fpr_90": 0.7172131147540983, "aupr": 0.3037623376060595, "auroc": 0.5909132615610472, "f1": 0.4675324675324676, "mcc": 0.19166763091568711}