{"fpr_95": 0.8715846994535519, "fpr_90": 0.8155737704918031, "aupr": 0.34137141843027785, "auroc": 0.5980395155370687, "f1": 0.40259740259740256, "mcc": 0.0924061890261012}