{"fpr_95": 0.6557377049180327, "fpr_90": 0.551912568306011, "aupr": 0.43175860473198646, "auroc": 0.7382095669195009, "f1": 0.533175355450237, "mcc": 0.32268917466330516}