{"fpr_95": 0.9289617486338798, "fpr_90": 0.8770491803278688, "aupr": 0.34285767170297243, "auroc": 0.5738520512193133, "f1": 0.09868421052631579, "mcc": 0.06486395114128825}