{"fpr_95": 0.7472677595628415, "fpr_90": 0.6857923497267759, "aupr": 0.4131835001557396, "auroc": 0.696471535763804, "f1": 0.4654895666131621, "mcc": 0.2352530717316516}