{"fpr_95": 0.8838797814207651, "fpr_90": 0.8142076502732241, "aupr": 0.31704972706183515, "auroc": 0.5768085800505668, "f1": 0.014545454545454545, "mcc": 0.0033579567900225917}