{"f1": 0.40359897172236503, "mcc": 0.09177357251008467}