{"fpr_95": 0.6188524590163934, "fpr_90": 0.5546448087431692, "aupr": 0.5834015755983664, "auroc": 0.7932417828888345, "f1": 0.5417515274949084, "mcc": 0.3972269791348913}