{"fpr_95": 0.8319672131147541, "fpr_90": 0.755464480874317, "aupr": 0.36822049992888367, "auroc": 0.6250305847810129, "f1": 0.06920415224913494, "mcc": 0.0688424348844088}