{"fpr_95": 0.7172131147540984, "fpr_90": 0.6256830601092896, "aupr": 0.32035274206468584, "auroc": 0.6400426147948781, "f1": 0.4974619289340102, "mcc": 0.2648621808990749}