{"fpr_95": 0.8661202185792349, "fpr_90": 0.8142076502732241, "aupr": 0.3406752854029058, "auroc": 0.6264476796346139, "f1": 0.4260731319554849, "mcc": 0.17511470897234313}